features,number,accuracy
"(23, 13, 22, 51, 17, 20, 93, 92, 98, 99, 61, 62, 18, 95, 39, 29, 49, 14, 21, 58, 96, 97, 43, 15, 8, 30, 11, 53, 9, 46, 59, 31, 19, 63, 57, 54, 76, 25, 74, 45, 24, 56, 73, 86, 65, 67, 89, 85, 81, 90, 4, 66, 52, 42, 32, 82, 34, 12, 44, 37, 40, 88, 16, 79, 38, 48, 80, 26, 3, 84, 50, 71, 64, 2, 47, 36, 28, 33, 1, 5, 6, 72, 77, 27)",84,0.6134954133784102
"(23, 13, 22, 51, 17, 20, 93, 92, 98, 99, 61, 62, 18, 95, 39, 29, 49, 14, 21, 58, 96, 97, 43, 15, 8, 30, 11, 53, 9, 46, 59, 31, 19, 63, 57)",35,0.61308582168459
"(23, 13, 22, 51, 17, 20, 93, 92, 98, 99, 61, 62, 18, 95, 39, 29, 49, 14, 21, 58, 96, 97, 43, 15, 8, 30, 11, 53, 9, 46, 59, 31, 19, 63, 57, 54, 76, 25, 74, 45, 24, 56, 73, 86, 65, 67, 89, 85, 81, 90, 4, 66, 52, 42, 32, 82, 34, 12, 44, 37, 40, 88)",62,0.613066139843216
"(23, 13, 22, 51, 17, 20, 93, 92, 98, 99, 61, 62, 18, 95, 39, 29, 49, 14, 21, 58, 96, 97, 43, 15, 8, 30, 11, 53, 9, 46, 59, 31, 19, 63, 57, 54, 76, 25, 74, 45, 24, 56, 73, 86, 65, 67, 89, 85, 81, 90, 4, 66, 52, 42, 32, 82, 34, 12, 44, 37, 40, 88, 16, 79, 38, 48, 80, 26, 3, 84, 50, 71, 64, 2, 47, 36, 28, 33, 1, 5, 6)",81,0.6129478049666467
"(23, 13, 22, 51, 17, 20, 93, 92, 98, 99, 61, 62, 18, 95, 39, 29, 49, 14, 21, 58, 96, 97, 43, 15, 8, 30, 11, 53, 9, 46, 59, 31, 19, 63, 57, 54, 76, 25, 74, 45, 24, 56, 73, 86, 65, 67, 89, 85, 81, 90, 4, 66, 52, 42, 32, 82, 34, 12, 44, 37)",60,0.6129477253249751
"(23, 13, 22, 51, 17, 20, 93, 92, 98, 99, 61, 62, 18, 95, 39, 29, 49, 14, 21, 58, 96, 97, 43, 15, 8, 30, 11, 53, 9, 46, 59, 31, 19, 63, 57, 54, 76, 25, 74, 45, 24, 56, 73, 86, 65, 67, 89, 85, 81, 90)",50,0.6127682454029753
"(23, 13, 22, 51, 17, 20, 93, 92, 98, 99, 61, 62, 18, 95, 39, 29, 49, 14, 21, 58, 96, 97, 43, 15, 8, 30, 11, 53, 9, 46, 59, 31, 19, 63, 57, 54, 76, 25, 74, 45)",40,0.6127178197496422
"(23, 13, 22, 51, 17, 20, 93, 92, 98, 99, 61, 62, 18, 95, 39, 29, 49, 14, 21, 58, 96, 97, 43, 15, 8, 30, 11, 53, 9, 46, 59, 31, 19, 63, 57, 54, 76, 25, 74, 45, 24, 56, 73, 86, 65, 67, 89, 85, 81, 90, 4, 66, 52, 42, 32, 82, 34, 12, 44, 37, 40, 88, 16, 79, 38, 48, 80, 26, 3, 84, 50, 71, 64, 2, 47, 36, 28, 33, 1, 5, 6, 72, 77, 27, 83, 87)",86,0.6125269157063666
"(23, 13, 22, 51, 17, 20, 93, 92, 98, 99, 61, 62, 18, 95, 39, 29, 49, 14, 21, 58, 96, 97, 43, 15, 8, 30, 11, 53, 9, 46, 59, 31, 19, 63, 57, 54, 76, 25, 74, 45, 24, 56, 73, 86, 65, 67, 89, 85, 81, 90, 4, 66, 52, 42, 32, 82, 34, 12, 44)",59,0.6124827879545222
"(23, 13, 22, 51, 17, 20, 93, 92, 98, 99, 61, 62, 18, 95, 39, 29, 49, 14, 21, 58, 96, 97, 43, 15, 8, 30, 11, 53, 9, 46, 59, 31, 19, 63, 57, 54, 76, 25, 74, 45, 24, 56, 73, 86, 65, 67, 89, 85, 81, 90, 4, 66, 52, 42, 32, 82, 34, 12, 44, 37, 40, 88, 16, 79, 38, 48, 80, 26, 3, 84, 50, 71, 64, 2, 47, 36, 28, 33, 1, 5, 6, 72, 77, 27, 83, 87, 60)",87,0.6122944170579805
"(23, 13, 22, 51, 17, 20, 93, 92, 98, 99, 61, 62, 18, 95, 39, 29, 49, 14, 21, 58, 96, 97, 43, 15, 8, 30, 11, 53, 9, 46, 59, 31)",32,0.6122663625529355
"(23, 13, 22, 51, 17, 20, 93, 92, 98, 99, 61, 62, 18, 95, 39, 29, 49, 14, 21, 58, 96, 97, 43, 15, 8, 30, 11, 53, 9, 46, 59, 31, 19, 63, 57, 54, 76, 25, 74, 45, 24, 56, 73, 86, 65, 67, 89, 85, 81, 90, 4, 66, 52, 42, 32, 82, 34, 12, 44, 37, 40, 88, 16, 79, 38, 48, 80, 26, 3, 84, 50, 71, 64, 2, 47, 36, 28, 33, 1, 5, 6, 72, 77, 27, 83, 87, 60, 70, 78, 7, 91, 10, 35, 0, 68, 69, 75, 55, 41, 94)",100,0.6122294016030512
"(23, 13, 22, 51, 17, 20, 93, 92, 98, 99, 61, 62, 18, 95, 39, 29, 49, 14, 21, 58, 96, 97, 43, 15, 8, 30, 11, 53, 9, 46, 59, 31, 19, 63)",34,0.6122179533216947
"(23, 13, 22, 51, 17, 20, 93, 92, 98, 99, 61, 62, 18, 95, 39, 29, 49, 14, 21, 58, 96, 97, 43, 15, 8, 30, 11, 53, 9, 46, 59, 31, 19, 63, 57, 54, 76, 25, 74, 45, 24, 56, 73, 86, 65, 67, 89, 85, 81, 90, 4, 66, 52, 42, 32, 82, 34, 12, 44, 37, 40, 88, 16, 79, 38, 48, 80, 26, 3, 84, 50, 71, 64, 2, 47, 36, 28, 33, 1, 5, 6, 72, 77, 27, 83, 87, 60, 70, 78, 7, 91)",91,0.6121742802366271
"(23, 13, 22, 51, 17, 20, 93, 92, 98, 99, 61, 62, 18, 95, 39, 29, 49, 14, 21, 58, 96, 97, 43, 15)",24,0.6121122594303504
"(23, 13, 22, 51, 17, 20, 93, 92, 98, 99, 61, 62, 18, 95, 39, 29, 49, 14, 21, 58, 96, 97, 43, 15, 8, 30, 11, 53, 9, 46, 59, 31, 19, 63, 57, 54, 76, 25, 74, 45, 24, 56, 73, 86, 65, 67, 89, 85, 81, 90, 4, 66, 52, 42, 32, 82, 34, 12, 44, 37, 40, 88, 16)",63,0.6120722104970764
"(23, 13, 22, 51, 17, 20, 93, 92, 98, 99, 61, 62, 18, 95, 39, 29, 49, 14, 21, 58, 96, 97, 43, 15, 8, 30, 11, 53, 9, 46, 59, 31, 19, 63, 57, 54, 76, 25, 74, 45, 24, 56, 73)",43,0.6120682982788495
"(23, 13, 22, 51, 17, 20, 93, 92, 98, 99, 61, 62, 18, 95, 39, 29, 49, 14, 21, 58, 96, 97, 43, 15, 8, 30, 11, 53, 9, 46, 59, 31, 19, 63, 57, 54, 76, 25, 74, 45, 24, 56, 73, 86, 65, 67, 89, 85, 81, 90, 4, 66, 52, 42, 32, 82, 34, 12, 44, 37, 40, 88, 16, 79)",64,0.6120622307192136
"(23, 13, 22, 51, 17, 20, 93, 92, 98, 99, 61, 62, 18, 95, 39, 29, 49, 14, 21, 58, 96, 97, 43, 15, 8, 30, 11, 53, 9, 46, 59, 31, 19, 63, 57, 54, 76, 25, 74, 45, 24, 56, 73, 86, 65, 67, 89, 85, 81, 90, 4, 66, 52, 42, 32, 82, 34, 12, 44, 37, 40, 88, 16, 79, 38, 48, 80, 26, 3, 84, 50, 71, 64, 2, 47)",75,0.6118694037133724
"(23, 13, 22, 51, 17, 20, 93, 92, 98, 99, 61, 62, 18, 95, 39, 29, 49, 14, 21, 58, 96, 97, 43, 15, 8, 30, 11, 53, 9)",29,0.6118487950159822
"(23, 13, 22, 51, 17, 20, 93, 92, 98, 99, 61, 62, 18, 95, 39, 29, 49, 14, 21, 58, 96, 97, 43, 15, 8, 30, 11, 53, 9, 46, 59, 31, 19, 63, 57, 54, 76, 25, 74, 45, 24, 56, 73, 86, 65, 67, 89, 85, 81, 90, 4, 66, 52, 42, 32, 82, 34, 12, 44, 37, 40, 88, 16, 79, 38, 48, 80, 26, 3, 84, 50, 71, 64, 2, 47, 36, 28, 33, 1, 5, 6, 72, 77, 27, 83, 87, 60, 70, 78, 7, 91, 10, 35, 0, 68, 69, 75)",97,0.6117714885570007
"(23, 13, 22, 51, 17, 20, 93, 92, 98, 99, 61, 62, 18, 95, 39, 29, 49, 14, 21, 58, 96, 97, 43, 15, 8, 30, 11, 53, 9, 46, 59, 31, 19, 63, 57, 54, 76, 25, 74, 45, 24, 56, 73, 86, 65, 67, 89, 85, 81, 90, 4, 66, 52, 42, 32, 82, 34, 12, 44, 37, 40, 88, 16, 79, 38, 48, 80, 26, 3, 84, 50, 71, 64)",73,0.6117417476967951
"(23, 13, 22, 51, 17, 20, 93, 92, 98, 99, 61, 62, 18, 95, 39, 29, 49, 14, 21, 58, 96, 97, 43, 15, 8, 30, 11, 53, 9, 46, 59, 31, 19, 63, 57, 54, 76, 25, 74, 45, 24, 56, 73, 86, 65, 67, 89, 85, 81, 90, 4, 66, 52, 42, 32, 82, 34, 12, 44, 37, 40, 88, 16, 79, 38, 48, 80)",67,0.6117301648078979
"(23, 13, 22, 51, 17, 20, 93, 92, 98, 99, 61, 62, 18, 95, 39, 29, 49, 14, 21, 58, 96, 97, 43, 15, 8, 30, 11, 53, 9, 46, 59, 31, 19, 63, 57, 54, 76, 25, 74, 45, 24, 56, 73, 86, 65, 67, 89, 85, 81, 90, 4, 66, 52, 42, 32, 82, 34, 12, 44, 37, 40, 88, 16, 79, 38)",65,0.6117137109773465
"(23, 13, 22, 51, 17, 20, 93, 92, 98, 99, 61, 62, 18, 95, 39, 29, 49, 14, 21, 58, 96, 97, 43, 15, 8, 30, 11, 53, 9, 46, 59, 31, 19, 63, 57, 54, 76, 25, 74, 45, 24, 56, 73, 86, 65, 67, 89, 85, 81, 90, 4, 66, 52, 42, 32, 82, 34, 12, 44, 37, 40, 88, 16, 79, 38, 48, 80, 26, 3, 84, 50, 71, 64, 2, 47, 36, 28, 33, 1, 5, 6, 72, 77, 27, 83, 87, 60, 70, 78, 7, 91, 10, 35, 0)",94,0.6116334183245118
"(23, 13, 22, 51, 17, 20, 93, 92, 98, 99, 61, 62, 18, 95, 39, 29, 49, 14, 21, 58, 96, 97, 43, 15, 8, 30, 11, 53, 9, 46, 59, 31, 19, 63, 57, 54, 76, 25, 74, 45, 24, 56, 73, 86, 65, 67, 89, 85, 81, 90, 4, 66, 52, 42, 32, 82, 34, 12, 44, 37, 40, 88, 16, 79, 38, 48, 80, 26, 3, 84, 50, 71)",72,0.6115781449305148
"(23, 13, 22, 51, 17, 20, 93, 92, 98, 99, 61, 62, 18, 95, 39, 29, 49, 14, 21, 58, 96, 97, 43, 15, 8, 30, 11, 53, 9, 46, 59, 31, 19, 63, 57, 54, 76, 25, 74, 45, 24, 56, 73, 86, 65, 67, 89, 85, 81, 90, 4)",51,0.6115286307965964
"(23, 13, 22, 51, 17, 20, 93, 92, 98, 99, 61, 62, 18, 95, 39, 29, 49, 14, 21, 58, 96, 97, 43, 15, 8, 30, 11, 53, 9, 46, 59, 31, 19, 63, 57, 54, 76, 25, 74, 45, 24, 56, 73, 86, 65)",45,0.6115258101175663
"(23, 13, 22, 51, 17, 20, 93, 92, 98, 99, 61, 62, 18, 95, 39, 29, 49, 14, 21, 58, 96, 97, 43, 15, 8, 30, 11, 53, 9, 46, 59, 31, 19, 63, 57, 54, 76, 25, 74, 45, 24, 56, 73, 86, 65, 67, 89, 85, 81, 90, 4, 66, 52, 42, 32, 82, 34, 12, 44, 37, 40, 88, 16, 79, 38, 48, 80, 26, 3, 84, 50, 71, 64, 2, 47, 36, 28, 33, 1, 5, 6, 72, 77)",83,0.6115017286150739
"(23, 13, 22, 51, 17, 20, 93, 92, 98, 99, 61, 62, 18, 95, 39, 29, 49, 14, 21, 58, 96, 97, 43, 15, 8, 30, 11, 53, 9, 46, 59, 31, 19, 63, 57, 54, 76, 25, 74, 45, 24, 56, 73, 86, 65, 67, 89, 85, 81, 90, 4, 66, 52, 42, 32, 82, 34, 12, 44, 37, 40, 88, 16, 79, 38, 48, 80, 26, 3, 84, 50, 71, 64, 2, 47, 36, 28, 33, 1, 5, 6, 72, 77, 27, 83, 87, 60, 70)",88,0.6114456146448233
"(23, 13, 22, 51, 17, 20, 93, 92, 98, 99, 61, 62, 18, 95, 39, 29, 49, 14, 21, 58, 96, 97, 43, 15, 8, 30, 11, 53, 9, 46, 59, 31, 19, 63, 57, 54, 76, 25, 74, 45, 24, 56, 73, 86, 65, 67, 89, 85, 81, 90, 4, 66, 52, 42, 32, 82, 34, 12, 44, 37, 40, 88, 16, 79, 38, 48, 80, 26, 3, 84, 50, 71, 64, 2, 47, 36, 28, 33, 1, 5, 6, 72)",82,0.6114273089175147
"(23, 13, 22, 51, 17, 20, 93, 92, 98, 99, 61, 62, 18, 95, 39, 29, 49, 14, 21, 58, 96, 97, 43, 15, 8, 30, 11, 53, 9, 46, 59, 31, 19, 63, 57, 54, 76, 25, 74, 45, 24)",41,0.6114098653474456
"(23, 13, 22, 51, 17, 20, 93, 92, 98, 99, 61, 62, 18, 95, 39, 29, 49, 14, 21, 58, 96, 97, 43, 15, 8, 30)",26,0.6113890620866925
"(23, 13, 22, 51, 17, 20, 93, 92, 98, 99, 61, 62, 18, 95, 39, 29, 49, 14, 21, 58, 96, 97, 43, 15, 8, 30, 11, 53, 9, 46, 59, 31, 19, 63, 57, 54)",36,0.6113587347530374
"(23, 13, 22, 51, 17, 20, 93, 92, 98, 99, 61, 62, 18, 95, 39, 29, 49, 14, 21, 58, 96, 97, 43, 15, 8, 30, 11, 53, 9, 46, 59, 31, 19, 63, 57, 54, 76, 25, 74, 45, 24, 56, 73, 86, 65, 67, 89, 85, 81, 90, 4, 66, 52, 42, 32, 82, 34, 12, 44, 37, 40, 88, 16, 79, 38, 48, 80, 26, 3, 84, 50, 71, 64, 2, 47, 36, 28, 33, 1, 5, 6, 72, 77, 27, 83, 87, 60, 70, 78, 7, 91, 10, 35, 0, 68, 69, 75, 55)",98,0.6113259277121547
"(23, 13, 22, 51, 17, 20, 93, 92, 98, 99, 61, 62, 18, 95, 39, 29, 49, 14, 21, 58, 96, 97, 43, 15, 8, 30, 11, 53, 9, 46, 59, 31, 19, 63, 57, 54, 76, 25, 74, 45, 24, 56, 73, 86, 65, 67, 89, 85)",48,0.6113173650241548
"(23, 13, 22, 51, 17, 20, 93, 92, 98, 99, 61, 62, 18, 95, 39, 29, 49, 14, 21, 58, 96, 97, 43, 15, 8, 30, 11, 53, 9, 46, 59, 31, 19, 63, 57, 54, 76, 25, 74, 45, 24, 56, 73, 86, 65, 67)",46,0.6113134131999278
"(23, 13, 22, 51, 17, 20, 93, 92, 98, 99, 61, 62, 18, 95, 39, 29, 49, 14, 21, 58, 96, 97, 43, 15, 8, 30, 11, 53, 9, 46, 59, 31, 19, 63, 57, 54, 76, 25, 74, 45, 24, 56, 73, 86, 65, 67, 89, 85, 81, 90, 4, 66, 52, 42, 32, 82, 34, 12, 44, 37, 40, 88, 16, 79, 38, 48, 80, 26, 3, 84, 50, 71, 64, 2, 47, 36, 28, 33, 1, 5, 6, 72, 77, 27, 83, 87, 60, 70, 78, 7, 91, 10)",92,0.6112897862267973
"(23, 13, 22, 51, 17, 20, 93, 92, 98, 99, 61, 62, 18, 95, 39, 29, 49, 14, 21, 58, 96, 97, 43, 15, 8, 30, 11, 53, 9, 46, 59, 31, 19, 63, 57, 54, 76, 25, 74, 45, 24, 56, 73, 86, 65, 67, 89, 85, 81, 90, 4, 66, 52, 42)",54,0.61124402564087
"(23, 13, 22, 51, 17, 20, 93, 92, 98, 99, 61, 62, 18, 95, 39, 29, 49, 14, 21, 58, 96, 97, 43, 15, 8, 30, 11, 53, 9, 46, 59, 31, 19, 63, 57, 54, 76, 25, 74, 45, 24, 56, 73, 86, 65, 67, 89, 85, 81, 90, 4, 66, 52, 42, 32, 82, 34, 12, 44, 37, 40, 88, 16, 79, 38, 48, 80, 26, 3, 84, 50, 71, 64, 2, 47, 36, 28, 33, 1)",79,0.6112406603250609
"(23, 13, 22, 51, 17, 20, 93, 92, 98, 99, 61, 62, 18, 95, 39, 29, 49, 14, 21, 58, 96, 97, 43, 15, 8, 30, 11, 53, 9, 46, 59, 31, 19, 63, 57, 54, 76, 25, 74, 45, 24, 56, 73, 86, 65, 67, 89, 85, 81, 90, 4, 66, 52, 42, 32, 82, 34, 12, 44, 37, 40, 88, 16, 79, 38, 48, 80, 26, 3)",69,0.6110575402299998
"(23, 13, 22, 51, 17, 20, 93, 92, 98, 99, 61, 62, 18, 95, 39, 29, 49, 14, 21, 58, 96, 97, 43, 15, 8, 30, 11, 53, 9, 46, 59, 31, 19, 63, 57, 54, 76, 25, 74, 45, 24, 56, 73, 86, 65, 67, 89, 85, 81, 90, 4, 66, 52, 42, 32, 82, 34, 12, 44, 37, 40, 88, 16, 79, 38, 48, 80, 26, 3, 84, 50, 71, 64, 2, 47, 36)",76,0.6109298980776721
"(23, 13, 22, 51, 17, 20, 93, 92, 98, 99, 61, 62, 18, 95, 39, 29, 49, 14, 21, 58, 96, 97, 43, 15, 8, 30, 11, 53, 9, 46, 59, 31, 19, 63, 57, 54, 76, 25, 74, 45, 24, 56, 73, 86, 65, 67, 89, 85, 81, 90, 4, 66, 52, 42, 32, 82, 34, 12, 44, 37, 40, 88, 16, 79, 38, 48, 80, 26, 3, 84, 50, 71, 64, 2, 47, 36, 28, 33, 1, 5)",80,0.610760948071151
"(23, 13, 22, 51, 17, 20, 93, 92, 98, 99, 61, 62, 18, 95, 39, 29, 49, 14, 21, 58, 96, 97, 43, 15, 8, 30, 11, 53, 9, 46, 59, 31, 19, 63, 57, 54, 76, 25, 74, 45, 24, 56, 73, 86, 65, 67, 89, 85, 81, 90, 4, 66, 52, 42, 32, 82, 34, 12, 44, 37, 40, 88, 16, 79, 38, 48, 80, 26, 3, 84, 50, 71, 64, 2, 47, 36, 28, 33, 1, 5, 6, 72, 77, 27, 83, 87, 60, 70, 78, 7, 91, 10, 35, 0, 68)",95,0.6107572652895474
"(23, 13, 22, 51, 17, 20, 93, 92, 98, 99, 61, 62, 18, 95, 39, 29, 49, 14, 21, 58, 96, 97, 43, 15, 8, 30, 11, 53, 9, 46, 59, 31, 19, 63, 57, 54, 76, 25, 74, 45, 24, 56, 73, 86)",44,0.6107248440435779
"(23, 13, 22, 51, 17, 20, 93, 92, 98, 99, 61, 62, 18, 95, 39, 29, 49, 14, 21, 58, 96, 97, 43, 15, 8, 30, 11, 53, 9, 46, 59, 31, 19, 63, 57, 54, 76, 25, 74, 45, 24, 56, 73, 86, 65, 67, 89, 85, 81, 90, 4, 66, 52, 42, 32, 82, 34, 12, 44, 37, 40, 88, 16, 79, 38, 48, 80, 26, 3, 84, 50, 71, 64, 2, 47, 36, 28, 33, 1, 5, 6, 72, 77, 27, 83, 87, 60, 70, 78, 7, 91, 10, 35)",93,0.6107141948151673
"(23, 13, 22, 51, 17, 20, 93, 92, 98, 99, 61, 62, 18, 95, 39, 29, 49, 14, 21, 58, 96, 97, 43, 15, 8, 30, 11, 53, 9, 46, 59, 31, 19, 63, 57, 54, 76, 25, 74)",39,0.6106393259174061
"(23, 13, 22, 51, 17, 20, 93, 92, 98, 99, 61, 62, 18, 95, 39, 29, 49, 14, 21, 58, 96, 97, 43, 15, 8, 30, 11, 53, 9, 46, 59, 31, 19, 63, 57, 54, 76, 25, 74, 45, 24, 56, 73, 86, 65, 67, 89)",47,0.6106317893889994
"(23, 13, 22, 51, 17, 20, 93, 92, 98, 99, 61, 62, 18, 95, 39, 29, 49, 14, 21, 58, 96, 97, 43, 15, 8, 30, 11, 53, 9, 46, 59, 31, 19, 63, 57, 54, 76, 25, 74, 45, 24, 56, 73, 86, 65, 67, 89, 85, 81, 90, 4, 66, 52, 42, 32, 82, 34, 12, 44, 37, 40, 88, 16, 79, 38, 48, 80, 26, 3, 84, 50)",71,0.6106303548037196
"(23, 13, 22, 51, 17, 20, 93, 92, 98, 99, 61, 62, 18, 95, 39, 29, 49, 14, 21, 58, 96, 97, 43, 15, 8, 30, 11, 53, 9, 46, 59)",31,0.6106291400201135
"(23, 13, 22, 51, 17, 20, 93, 92, 98, 99, 61, 62, 18, 95, 39, 29, 49, 14, 21, 58, 96, 97, 43, 15, 8, 30, 11, 53, 9, 46, 59, 31, 19, 63, 57, 54, 76)",37,0.6106290286946667
"(23, 13, 22, 51, 17, 20, 93, 92, 98, 99, 61, 62, 18, 95, 39, 29, 49, 14, 21, 58, 96, 97, 43, 15, 8, 30, 11, 53, 9, 46, 59, 31, 19)",33,0.6105653251656685
"(23, 13, 22, 51, 17, 20, 93, 92, 98, 99, 61, 62, 18, 95, 39, 29, 49, 14, 21, 58, 96, 97, 43)",23,0.6105048527534408
"(23, 13, 22, 51, 17, 20, 93, 92, 98, 99, 61, 62, 18, 95, 39, 29, 49, 14, 21, 58, 96, 97, 43, 15, 8, 30, 11, 53, 9, 46)",30,0.6104906050701482
"(23, 13, 22, 51, 17, 20, 93, 92, 98, 99, 61, 62, 18, 95, 39, 29, 49, 14, 21, 58, 96, 97, 43, 15, 8, 30, 11, 53)",28,0.6104743300618691
"(23, 13, 22, 51, 17, 20, 93, 92, 98, 99, 61, 62, 18, 95, 39, 29, 49, 14, 21, 58, 96)",21,0.6104247183111988
"(23, 13, 22, 51, 17, 20, 93, 92, 98, 99, 61, 62, 18, 95, 39, 29, 49, 14, 21, 58, 96, 97, 43, 15, 8, 30, 11, 53, 9, 46, 59, 31, 19, 63, 57, 54, 76, 25, 74, 45, 24, 56, 73, 86, 65, 67, 89, 85, 81, 90, 4, 66, 52, 42, 32, 82, 34, 12, 44, 37, 40, 88, 16, 79, 38, 48, 80, 26, 3, 84, 50, 71, 64, 2, 47, 36, 28, 33, 1, 5, 6, 72, 77, 27, 83, 87, 60, 70, 78, 7, 91, 10, 35, 0, 68, 69)",96,0.6104164285527371
"(23, 13, 22, 51, 17, 20, 93, 92, 98, 99, 61, 62, 18, 95, 39, 29, 49, 14, 21, 58, 96, 97, 43, 15, 8, 30, 11, 53, 9, 46, 59, 31, 19, 63, 57, 54, 76, 25, 74, 45, 24, 56, 73, 86, 65, 67, 89, 85, 81, 90, 4, 66, 52, 42, 32, 82, 34, 12, 44, 37, 40, 88, 16, 79, 38, 48, 80, 26, 3, 84, 50, 71, 64, 2)",74,0.6103333812222493
"(23, 13, 22, 51, 17, 20, 93, 92, 98, 99, 61, 62, 18, 95, 39, 29, 49, 14, 21, 58, 96, 97, 43, 15, 8, 30, 11, 53, 9, 46, 59, 31, 19, 63, 57, 54, 76, 25, 74, 45, 24, 56, 73, 86, 65, 67, 89, 85, 81, 90, 4, 66, 52, 42, 32, 82, 34, 12, 44, 37, 40, 88, 16, 79, 38, 48, 80, 26, 3, 84, 50, 71, 64, 2, 47, 36, 28)",77,0.6103309494620626
"(23, 13, 22, 51, 17, 20, 93, 92, 98, 99, 61, 62, 18, 95, 39, 29, 49, 14, 21, 58, 96, 97, 43, 15, 8, 30, 11)",27,0.610275662867527
"(23, 13, 22, 51, 17, 20, 93, 92, 98, 99, 61, 62, 18, 95, 39, 29, 49, 14, 21, 58, 96, 97, 43, 15, 8, 30, 11, 53, 9, 46, 59, 31, 19, 63, 57, 54, 76, 25)",38,0.6102015605270614
"(23, 13, 22, 51, 17, 20, 93, 92, 98, 99, 61, 62, 18, 95, 39, 29, 49, 14, 21, 58, 96, 97, 43, 15, 8, 30, 11, 53, 9, 46, 59, 31, 19, 63, 57, 54, 76, 25, 74, 45, 24, 56, 73, 86, 65, 67, 89, 85, 81, 90, 4, 66, 52, 42, 32, 82, 34)",57,0.6101628255900279
"(23, 13, 22, 51, 17, 20, 93, 92, 98, 99, 61, 62, 18, 95, 39, 29, 49, 14, 21, 58, 96, 97, 43, 15, 8, 30, 11, 53, 9, 46, 59, 31, 19, 63, 57, 54, 76, 25, 74, 45, 24, 56, 73, 86, 65, 67, 89, 85, 81, 90, 4, 66, 52, 42, 32, 82, 34, 12, 44, 37, 40, 88, 16, 79, 38, 48, 80, 26, 3, 84)",70,0.6101152515496514
"(23, 13, 22, 51, 17, 20, 93, 92, 98, 99, 61, 62, 18, 95, 39, 29, 49, 14, 21, 58, 96, 97, 43, 15, 8, 30, 11, 53, 9, 46, 59, 31, 19, 63, 57, 54, 76, 25, 74, 45, 24, 56, 73, 86, 65, 67, 89, 85, 81, 90, 4, 66, 52, 42, 32, 82, 34, 12, 44, 37, 40, 88, 16, 79, 38, 48, 80, 26)",68,0.610102506733204
"(23, 13, 22, 51, 17, 20, 93, 92, 98, 99, 61, 62, 18, 95, 39, 29, 49, 14, 21, 58, 96, 97, 43, 15, 8, 30, 11, 53, 9, 46, 59, 31, 19, 63, 57, 54, 76, 25, 74, 45, 24, 56, 73, 86, 65, 67, 89, 85, 81, 90, 4, 66, 52, 42, 32, 82, 34, 12, 44, 37, 40, 88, 16, 79, 38, 48, 80, 26, 3, 84, 50, 71, 64, 2, 47, 36, 28, 33, 1, 5, 6, 72, 77, 27, 83)",85,0.6100590745588745
"(23, 13, 22, 51, 17, 20, 93, 92, 98, 99, 61, 62, 18, 95, 39, 29, 49, 14, 21, 58, 96, 97, 43, 15, 8, 30, 11, 53, 9, 46, 59, 31, 19, 63, 57, 54, 76, 25, 74, 45, 24, 56, 73, 86, 65, 67, 89, 85, 81, 90, 4, 66, 52, 42, 32, 82, 34, 12, 44, 37, 40, 88, 16, 79, 38, 48, 80, 26, 3, 84, 50, 71, 64, 2, 47, 36, 28, 33)",78,0.6099694157883997
"(23, 13, 22, 51, 17, 20, 93, 92, 98, 99, 61, 62, 18, 95, 39, 29, 49, 14, 21, 58, 96, 97, 43, 15, 8, 30, 11, 53, 9, 46, 59, 31, 19, 63, 57, 54, 76, 25, 74, 45, 24, 56, 73, 86, 65, 67, 89, 85, 81, 90, 4, 66, 52, 42, 32, 82, 34, 12)",58,0.6099068085680405
"(23, 13, 22, 51, 17, 20, 93, 92, 98, 99, 61, 62, 18, 95, 39, 29)",16,0.609819800161523
"(23, 13, 22, 51, 17, 20, 93, 92, 98, 99, 61, 62, 18, 95, 39, 29, 49, 14, 21, 58, 96, 97, 43, 15, 8, 30, 11, 53, 9, 46, 59, 31, 19, 63, 57, 54, 76, 25, 74, 45, 24, 56, 73, 86, 65, 67, 89, 85, 81)",49,0.6098121028085803
"(23, 13, 22, 51, 17, 20, 93, 92, 98, 99, 61, 62, 18, 95, 39, 29, 49, 14, 21, 58, 96, 97, 43, 15, 8, 30, 11, 53, 9, 46, 59, 31, 19, 63, 57, 54, 76, 25, 74, 45, 24, 56, 73, 86, 65, 67, 89, 85, 81, 90, 4, 66)",52,0.6097432399731515
"(23, 13, 22, 51, 17, 20, 93, 92, 98, 99, 61, 62, 18, 95, 39, 29, 49, 14, 21, 58, 96, 97, 43, 15, 8, 30, 11, 53, 9, 46, 59, 31, 19, 63, 57, 54, 76, 25, 74, 45, 24, 56, 73, 86, 65, 67, 89, 85, 81, 90, 4, 66, 52, 42, 32, 82, 34, 12, 44, 37, 40)",61,0.6097379886921275
"(23, 13, 22, 51, 17, 20, 93, 92, 98, 99, 61, 62, 18, 95, 39, 29, 49, 14, 21, 58, 96, 97, 43, 15, 8)",25,0.6096820951474727
"(23, 13, 22, 51, 17, 20, 93, 92, 98, 99, 61, 62, 18, 95, 39)",15,0.6096700280433791
"(23, 13, 22, 51, 17, 20, 93, 92, 98, 99, 61, 62, 18, 95, 39, 29, 49, 14, 21, 58, 96, 97, 43, 15, 8, 30, 11, 53, 9, 46, 59, 31, 19, 63, 57, 54, 76, 25, 74, 45, 24, 56, 73, 86, 65, 67, 89, 85, 81, 90, 4, 66, 52, 42, 32)",55,0.6096156102976066
"(23, 13, 22, 51, 17, 20, 93, 92, 98, 99, 61, 62, 18, 95, 39, 29, 49, 14, 21, 58, 96, 97, 43, 15, 8, 30, 11, 53, 9, 46, 59, 31, 19, 63, 57, 54, 76, 25, 74, 45, 24, 56, 73, 86, 65, 67, 89, 85, 81, 90, 4, 66, 52, 42, 32, 82, 34, 12, 44, 37, 40, 88, 16, 79, 38, 48, 80, 26, 3, 84, 50, 71, 64, 2, 47, 36, 28, 33, 1, 5, 6, 72, 77, 27, 83, 87, 60, 70, 78, 7)",90,0.6096083065365475
"(23, 13, 22, 51, 17, 20, 93, 92, 98, 99, 61, 62, 18, 95, 39, 29, 49, 14)",18,0.6095276989056568
"(23, 13, 22, 51, 17, 20, 93, 92, 98, 99, 61, 62, 18, 95, 39, 29, 49, 14, 21, 58, 96, 97, 43, 15, 8, 30, 11, 53, 9, 46, 59, 31, 19, 63, 57, 54, 76, 25, 74, 45, 24, 56)",42,0.6094147903145606
"(23, 13, 22, 51, 17, 20, 93, 92, 98, 99, 61, 62, 18, 95, 39, 29, 49, 14, 21, 58, 96, 97, 43, 15, 8, 30, 11, 53, 9, 46, 59, 31, 19, 63, 57, 54, 76, 25, 74, 45, 24, 56, 73, 86, 65, 67, 89, 85, 81, 90, 4, 66, 52, 42, 32, 82, 34, 12, 44, 37, 40, 88, 16, 79, 38, 48)",66,0.6094135954316747
"(23, 13, 22, 51, 17, 20, 93, 92, 98, 99, 61, 62, 18, 95, 39, 29, 49, 14, 21, 58, 96, 97, 43, 15, 8, 30, 11, 53, 9, 46, 59, 31, 19, 63, 57, 54, 76, 25, 74, 45, 24, 56, 73, 86, 65, 67, 89, 85, 81, 90, 4, 66, 52, 42, 32, 82, 34, 12, 44, 37, 40, 88, 16, 79, 38, 48, 80, 26, 3, 84, 50, 71, 64, 2, 47, 36, 28, 33, 1, 5, 6, 72, 77, 27, 83, 87, 60, 70, 78)",89,0.6093836512371993
"(23, 13, 22, 51, 17, 20, 93, 92, 98, 99, 61, 62, 18, 95, 39, 29, 49, 14, 21, 58, 96, 97, 43, 15, 8, 30, 11, 53, 9, 46, 59, 31, 19, 63, 57, 54, 76, 25, 74, 45, 24, 56, 73, 86, 65, 67, 89, 85, 81, 90, 4, 66, 52, 42, 32, 82, 34, 12, 44, 37, 40, 88, 16, 79, 38, 48, 80, 26, 3, 84, 50, 71, 64, 2, 47, 36, 28, 33, 1, 5, 6, 72, 77, 27, 83, 87, 60, 70, 78, 7, 91, 10, 35, 0, 68, 69, 75, 55, 41)",99,0.609378746878926
"(23, 13, 22, 51, 17, 20, 93, 92, 98, 99, 61, 62, 18, 95, 39, 29, 49, 14, 21, 58, 96, 97, 43, 15, 8, 30, 11, 53, 9, 46, 59, 31, 19, 63, 57, 54, 76, 25, 74, 45, 24, 56, 73, 86, 65, 67, 89, 85, 81, 90, 4, 66, 52)",53,0.609328852940679
"(23, 13, 22, 51, 17, 20, 93, 92, 98, 99, 61)",11,0.609317415857795
"(23, 13, 22, 51, 17, 20, 93, 92, 98, 99, 61, 62)",12,0.6092843582783118
"(23, 13, 22, 51, 17, 20, 93, 92, 98, 99, 61, 62, 18, 95, 39, 29, 49, 14, 21, 58, 96, 97)",22,0.6092667162221328
"(23, 13, 22, 51, 17, 20, 93, 92, 98, 99, 61, 62, 18, 95, 39, 29, 49, 14, 21, 58, 96, 97, 43, 15, 8, 30, 11, 53, 9, 46, 59, 31, 19, 63, 57, 54, 76, 25, 74, 45, 24, 56, 73, 86, 65, 67, 89, 85, 81, 90, 4, 66, 52, 42, 32, 82)",56,0.6091945295436458
"(23, 13, 22, 51, 17, 20, 93, 92, 98, 99, 61, 62, 18, 95, 39, 29, 49, 14, 21)",19,0.6091129298236483
"(23, 13, 22, 51, 17, 20, 93, 92, 98, 99, 61, 62, 18, 95, 39, 29, 49, 14, 21, 58)",20,0.6091043240159364
"(23, 13, 22, 51, 17, 20, 93, 92, 98, 99, 61, 62, 18, 95)",14,0.6091032890219055
"(23, 13, 22, 51, 17, 20, 93, 92, 98, 99, 61, 62, 18, 95, 39, 29, 49)",17,0.6087986786261232
"(23, 13, 22, 51, 17, 20, 93, 92, 98, 99)",10,0.6081019304344085
"(23, 13, 22, 51, 17, 20, 93, 92, 98, 99, 61, 62, 18)",13,0.6077112967243394
"(23, 13, 22, 51)",4,0.6070954663565342
"(23, 13, 22, 51, 17, 20, 93, 92, 98)",9,0.6070559805278701
"(23, 13, 22, 51, 17, 20, 93)",7,0.6064459570200709
"(23, 13, 22, 51, 17, 20)",6,0.6060838939974237
"(23, 13, 22, 51, 17, 20, 93, 92)",8,0.6060147146804499
"(23, 13, 22, 51, 17)",5,0.6059239329832645
"(23, 13)",2,0.6043420825713305
"(23, 13, 22)",3,0.603998585865976
"(23,)",1,0.5915387592303395
